origin_account,destination_account,origin_currency,destination_currency,amount,unix_time
account_10,account_3,LKR,XDR,1977.1110518067421,1728695774
account_4,account_3,TZS,TTD,1240.0673087243804,1728870089
account_9,account_10,PGK,AFN,1524.6517682635983,1729383224
account_2,account_3,KGS,XAU,1373.9975464575323,1728870205
account_6,account_4,GGP,AWG,2139.9317965615896,1729210255
account_4,account_6,AED,RWF,1615.5450738058116,1728436350
account_4,account_8,MKD,KHR,2390.05362138958,1728346859
account_5,account_3,ARS,KGS,827.0866157392531,1728524283
account_10,account_6,JMD,GGP,3286.3684770522636,1728429871
account_1,account_2,BHD,BYN,1926.629391925868,1728602521
account_2,account_3,SHP,XAU,150.45317125936361,1728609175
account_1,account_8,AMD,USD,152.06133167086335,1728776849
account_8,account_6,RWF,ARS,1111.7008975923238,1728436207
account_2,account_9,LRD,SRD,2440.123715560669,1728261077
account_10,account_7,XAU,BYN,23.060386417998565,1728349614
account_2,account_10,HTG,BMD,3113.5199588606333,1729125072
account_8,account_10,BRL,MKD,1598.5889203369406,1728001543
account_2,account_9,USD,NAD,1633.676504656716,1728520701
account_7,account_9,SOS,RWF,731.962834772588,1729380835
account_5,account_4,TWD,ETB,1005.4478824252595,1728776759
account_1,account_8,TJS,MYR,1902.2433246591577,1728779271
account_1,account_6,LRD,AUD,1526.5541695588615,1729298335
account_3,account_7,HTG,AFN,679.7990798165365,1728607001
account_6,account_8,GNF,KES,1456.0000908038978,1727833531
account_2,account_1,MXN,GTQ,185.70719729429752,1728610430
account_2,account_6,XDR,USD,1976.6725013692978,1727916763
account_9,account_8,TRY,LSL,139.99757783626544,1728868230
account_4,account_6,STN,TOP,1361.9978806813215,1728861984
account_4,account_3,GTQ,FKP,2589.164823213951,1728862574
account_7,account_6,UGX,GBP,2462.757143675391,1727832379
account_9,account_3,NOK,CUC,3202.1633620198845,1728346455
account_1,account_7,USD,CUP,2637.7077560111998,1727913304
account_10,account_5,GEL,MVR,1635.4510286586558,1728782147
account_3,account_6,LBP,SHP,100.14038031996951,1728695317
account_4,account_10,BHD,CLF,3347.3824513872996,1728947377
account_5,account_8,LYD,PAB,2482.9972360929273,1729388347
account_3,account_5,TOP,KYD,2080.686774287252,1728603335
account_4,account_10,KYD,STD,1806.925825578091,1729294609
account_2,account_6,ZAR,SDG,2154.2615694147457,1728781575
account_3,account_1,KMF,BTN,528.7088013523764,1729035682
account_7,account_2,SAR,BDT,1437.3880407777417,1729384639
account_10,account_1,TJS,VES,243.47484683454147,1729297632
account_6,account_1,GMD,HNL,2282.376980891163,1727917086
account_5,account_6,GGP,LYD,486.8864113764474,1728342821
account_3,account_5,HUF,ETB,2141.1532823203947,1728347656
account_10,account_8,KWD,TRY,2904.6231027909844,1727832948
account_5,account_3,LBP,QAR,3264.3733731755387,1729298391
account_4,account_3,GMD,KYD,2394.5231680782263,1728951744
account_3,account_7,KWD,MKD,573.1870229189439,1728601288
account_5,account_6,FJD,MAD,2446.907603415784,1728005621
account_10,account_8,BMD,GGP,3021.457339328035,1728434696
account_3,account_5,KYD,KPW,1836.4800126143896,1729122327
account_4,account_8,XPD,HUF,75.27285491051019,1728608909
account_7,account_4,HRK,DZD,1213.8365923380798,1728515537
account_8,account_5,JOD,NIO,579.3692309832413,1728256250
account_5,account_6,SEK,YER,635.4932726078118,1728082882
account_10,account_5,EUR,DKK,894.9321829637242,1728953616
account_7,account_2,MXN,JOD,1622.368586214509,1729121950
account_3,account_2,XDR,CDF,2568.3424215189225,1729040272
account_1,account_2,CLP,KGS,1202.8120079921487,1728604359
account_5,account_4,BOB,SYP,2767.602721216066,1729301344
account_5,account_7,FKP,LBP,274.9876878375691,1728523062
account_4,account_10,PHP,MAD,1844.381360605531,1729294175
account_1,account_10,TMT,UAH,2906.564758291404,1728777007
account_5,account_10,GGP,MGA,1376.9281294667016,1729387063
account_6,account_1,SBD,DJF,674.9617628387414,1728956790
account_10,account_2,AWG,NPR,2816.2845250316736,1728864649
account_1,account_7,IMP,ILS,2142.323929461254,1728516385
account_9,account_1,CVE,CRC,1911.6352195368584,1728524105
account_1,account_4,VUV,KWD,3159.266978850683,1728437743
account_6,account_9,NOK,GNF,2715.6942551893453,1728520348
account_6,account_9,RSD,LAK,2422.9829780794607,1727833089
account_5,account_6,GHS,LBP,1042.0943109980537,1729385689
account_5,account_9,CUC,VES,39.22896353916605,1729042772
account_10,account_9,MRU,SSP,2190.936627013084,1728608148
account_5,account_3,EUR,MUR,614.572085733313,1728867331
account_1,account_4,IDR,KYD,957.435463230411,1728955878
account_9,account_4,AMD,CHF,729.7392237592206,1729041966
account_7,account_1,BAM,BND,1155.9192340394843,1728004346
account_5,account_4,LYD,MOP,2391.9838650577235,1728265185
account_6,account_4,GGP,MMK,1684.6730301259634,1729297676
account_7,account_9,CLP,DJF,2322.5625053383524,1729209143
account_4,account_1,PLN,IRR,1619.6876792272462,1729206293
account_3,account_5,MWK,ARS,758.7162011635975,1728782927
account_9,account_1,IQD,NGN,1977.1124165709118,1727826835
account_1,account_8,BTN,LSL,1823.8625226050194,1728780810
account_2,account_3,IRR,GYD,562.0443524339927,1728346907
account_5,account_2,OMR,PHP,2358.2849972112044,1728690533
account_2,account_6,CUP,CDF,2260.760060123394,1728179053
account_3,account_4,DOP,FJD,1864.8277431138758,1729297135
account_7,account_4,BAM,AZN,1475.195685630063,1728179149
account_9,account_8,FJD,NGN,3282.2832890067048,1729037108
account_9,account_7,XDR,CNY,3010.833270190345,1728262009
account_7,account_6,SLL,BGN,2672.6377613345653,1728602819
account_10,account_1,PAB,CDF,322.0593829300776,1728264603
account_9,account_8,DOP,KRW,2345.2707473385917,1727826916
account_10,account_6,LBP,SGD,230.79302145413618,1728779995
account_1,account_6,UGX,JPY,555.7635407274921,1729210578
account_3,account_4,ILS,XOF,1287.3701675172524,1729034303
account_10,account_9,ANG,BDT,940.0651083728776,1729382527
account_1,account_8,BTC,MOP,1.3480348642626228,1728606924
account_8,account_7,SCR,TWD,1856.5377484362532,1729041343
account_8,account_7,AMD,ANG,891.7060512245237,1728693390
account_7,account_4,EUR,BIF,842.9289502629588,1728696698
account_6,account_7,ETB,BBD,2347.793134041115,1727913605
account_10,account_5,RWF,MWK,1371.2475433384693,1727831212
account_9,account_6,PGK,EGP,737.0535933106004,1728953908
account_7,account_1,MKD,AWG,929.139436372342,1728862298
account_8,account_7,HKD,SEK,542.6584540026392,1728436760
account_9,account_2,LRD,DJF,2564.8822509745064,1728862349
account_6,account_4,AOA,SCR,2303.69960869578,1729033559
account_2,account_6,BYN,LKR,213.8733471120465,1729387388
account_10,account_3,MAD,ISK,47.81673970557614,1728689956
account_8,account_2,BTC,SVC,1.249634393896751,1727911830
account_2,account_10,GTQ,CUP,2601.2487962778,1727919678
account_7,account_1,AZN,BHD,1456.402874061027,1728342506
account_8,account_4,AUD,OMR,1009.2788437865701,1728864730
account_3,account_10,KMF,MUR,551.119507918528,1728782347
account_9,account_2,TWD,ALL,2184.043975018246,1729300942
account_10,account_4,HNL,XCD,301.55567374199416,1728517852
account_8,account_7,XDR,TND,785.2549112984998,1727824158
account_4,account_1,MNT,KRW,1464.1344210999448,1728000574
account_4,account_3,WST,LKR,2234.0344233275177,1728865511
account_7,account_3,BIF,MRU,404.22970007902734,1728954896
account_4,account_8,MVR,TWD,2797.694792815279,1728687968
account_5,account_2,JPY,XAG,1192.469076777673,1729300815
account_5,account_10,AFN,ISK,217.6957754580184,1728611143
account_5,account_7,BYN,KPW,1002.9096017195945,1728258374
account_4,account_5,TMT,GTQ,262.8316545428801,1729300552
account_9,account_1,ANG,NAD,1728.105787907049,1728432022
account_4,account_6,DZD,BIF,783.1433027389611,1728864015
account_6,account_10,LBP,BIF,425.4407742149201,1728951807
account_1,account_4,CAD,CUP,245.5900375402465,1727833582
account_10,account_1,HRK,SVC,2847.8953906891093,1728264028
account_3,account_2,MAD,KZT,3217.0886435760845,1728344109
account_2,account_6,ANG,BTN,2842.0050267396923,1729207735
account_10,account_8,MZN,KZT,779.292145924062,1729300273
account_8,account_6,CNH,GIP,2717.8473819464193,1728263327
account_2,account_7,AWG,NIO,63.46708274364062,1728433543
account_9,account_7,TTD,NGN,3288.4216146526296,1729120501
account_5,account_9,LYD,VES,867.5984059684355,1729129111
account_9,account_2,FJD,SYP,1783.3369117467391,1727827284
account_10,account_9,NOK,DZD,2704.7339476804204,1728346024
account_9,account_1,DJF,XPD,393.4206552879968,1727833383
account_10,account_5,KZT,OMR,2581.978282346602,1728264321
account_3,account_7,CHF,NAD,2753.7895997729474,1729300743
account_6,account_1,MXN,RON,302.7917353011387,1727830124
account_8,account_6,GHS,ZMW,57.05449238708016,1728606447
account_6,account_4,CLP,GIP,489.9054754549569,1728610802
account_3,account_4,BBD,PAB,366.54224783939134,1729385031
account_10,account_3,MRU,CUP,401.7888136345212,1728178643
account_7,account_9,MAD,BZD,973.8509720539352,1729382034
account_9,account_2,AMD,TMT,2497.3350868364014,1729388709
account_6,account_9,PGK,KES,3344.672031112162,1729207352
account_5,account_1,CLP,AWG,1861.3585847867023,1727915128
account_10,account_1,BMD,CNH,1903.2241681813593,1728863116
account_3,account_2,JEP,BSD,291.67649061952665,1728955534
account_6,account_3,SEK,STN,3220.240749166307,1728262435
account_5,account_4,HTG,LBP,862.2839040732907,1728687927
account_1,account_8,TZS,HUF,1476.8979455080612,1728688473
account_1,account_7,KES,NGN,999.4546489502142,1728349436
account_8,account_9,LBP,AFN,2749.0968562154726,1729122767
account_7,account_6,YER,GIP,1900.6681553972417,1728515493
account_5,account_8,XPF,HUF,2472.5449439421936,1728177796
account_2,account_4,KPW,MXN,841.7382861959555,1728429916
account_7,account_6,CHF,XAF,766.611443430892,1728169222
account_10,account_8,SAR,PHP,3294.1574321542485,1729386433
account_2,account_7,SAR,JPY,1230.4894197929243,1728343063
account_8,account_2,BRL,BHD,2301.2837969762977,1728351310
account_7,account_5,LRD,THB,452.8260652031349,1728690651
account_8,account_4,KRW,ISK,2154.31118894531,1728177939
account_7,account_3,GBP,LKR,2043.5948497470342,1728261132
account_8,account_5,BHD,KGS,1244.6587314800695,1728779588
account_9,account_5,YER,BND,407.2784497910218,1728777269
account_9,account_6,UAH,HKD,673.0290078843738,1728517170
account_8,account_5,PHP,CNY,2109.0542939987427,1729120462
account_9,account_4,XDR,XOF,1893.1771481196015,1729126577
account_6,account_8,TOP,MGA,2407.2990795710584,1728004041
account_10,account_9,ALL,EUR,277.87196736139083,1728780376
account_4,account_10,TTD,NGN,1468.3176011702387,1728086873
account_6,account_4,CNY,BND,1839.5767597448962,1728172559
account_10,account_3,CNH,LAK,2034.5157658040189,1728436864
account_8,account_9,ILS,KPW,2758.5855594940094,1729386709
account_7,account_2,KHR,PLN,1666.5786344806259,1727997368
account_7,account_4,SEK,AFN,1428.3586989864168,1728951582
account_3,account_2,GTQ,LYD,2672.2652974188377,1729043102
account_2,account_4,ILS,TND,1856.1132162244207,1728177050
account_9,account_8,CUP,SRD,2739.1065221131294,1728950463
account_7,account_6,CNH,GIP,400.5430171346706,1727912770
account_9,account_4,TRY,IMP,1785.3760133507492,1728351492
account_7,account_10,MUR,SVC,669.559638708696,1727911366
account_10,account_1,SSP,OMR,1723.6873747545117,1728777551
account_5,account_10,ALL,MWK,1648.556865969648,1729295001
account_9,account_10,PHP,DKK,1230.7267740964894,1728948311
account_5,account_3,NOK,BBD,1131.1561932201266,1727999522
account_2,account_10,MWK,ALL,2882.3782146862986,1728346726
account_3,account_5,BAM,ZMW,1716.6729250530543,1729382645
account_9,account_3,SDG,BDT,767.1480777766876,1728607347
account_4,account_6,MRU,XCD,1955.2946815908458,1728003960
account_6,account_8,NPR,IQD,3301.5207861727235,1728263275
account_3,account_7,MWK,GMD,1107.2940423735404,1727912357
account_5,account_7,GHS,FKP,71.31555778752708,1728087842
account_1,account_3,YER,AUD,2826.4005582354166,1729123492
account_1,account_2,MAD,ERN,1318.1376342787885,1729212091
account_5,account_2,SHP,TTD,1626.6713579981024,1727998688
account_9,account_10,PYG,BAM,2362.6651603258783,1727912396
account_5,account_3,LYD,CNY,150.24410982618994,1729381386
account_8,account_4,PLN,NPR,3258.1647745749456,1729387087
account_4,account_6,GGP,AMD,2370.168580749007,1728343568
account_4,account_5,NPR,KRW,1533.8311134883436,1729388747
account_9,account_6,AZN,MAD,1629.4426827116613,1729379436
account_8,account_3,MUR,AUD,2287.4356102394304,1728344040
account_7,account_6,MGA,SYP,2012.4187181217274,1729382218
account_3,account_4,XAG,STD,2051.1970629856924,1727997570
account_4,account_7,BRL,GGP,882.8518560419978,1729207954
account_9,account_10,TTD,THB,1237.7870796620386,1729210190
account_2,account_8,XDR,NAD,1524.7914831176263,1729126549
account_2,account_5,ILS,ALL,2109.1357162353006,1729388579
account_1,account_3,PKR,FKP,1055.3179072178812,1727997872
account_7,account_9,BND,SCR,1475.209255788199,1729295680
account_5,account_8,BBD,STD,2264.5260060954033,1728688673
account_2,account_7,JPY,QAR,1380.7981809294868,1728260313
account_3,account_2,GYD,MGA,282.69953343519705,1728517629
account_2,account_1,SYP,XAF,749.8912825960653,1727915562
account_10,account_6,NOK,SHP,29.783507603101334,1729129574
account_9,account_8,CHF,KMF,1546.3756679265864,1728091031
account_4,account_3,MWK,ETB,3153.694559463152,1729299198
account_1,account_6,KWD,AFN,2679.5474341886024,1727827162
account_1,account_6,UGX,JMD,1174.3396260098013,1728693891
account_1,account_2,RWF,PAB,2363.9301395892867,1728176756
account_4,account_2,MXN,MYR,3026.6683935882083,1729381026
account_2,account_5,MUR,MYR,2050.0128024298565,1728431511
account_3,account_6,BMD,XDR,824.9251685132858,1727825580
account_2,account_4,NAD,NZD,2966.6787401016068,1729385106
account_10,account_6,AOA,PHP,1583.7552538751347,1728955654
account_6,account_3,BND,BHD,457.59852690972,1728436132
account_7,account_2,MWK,SVC,3181.4861299685967,1729035816
account_3,account_10,THB,MWK,462.75111447308416,1729210915
account_3,account_5,FKP,GBP,555.8341272045169,1728437187
account_2,account_5,UZS,MXN,2559.2709758329465,1728869269
account_2,account_5,USD,MWK,1332.4324649909079,1728172495
account_6,account_8,EUR,CAD,647.4796876737394,1728604641
account_2,account_8,IDR,GBP,2737.3226589031347,1728952731
account_7,account_9,TRY,CLP,291.5881603295175,1728259862
account_1,account_4,GYD,SVC,48.77108660567887,1728179085
account_3,account_7,BIF,SHP,2923.992552286951,1727828917
account_4,account_8,XPD,BZD,61.26849451752865,1729125842
account_9,account_3,AZN,VUV,1371.5957792750457,1728170605
account_3,account_4,RUB,RWF,741.9451165291366,1728517070
account_3,account_10,KHR,AOA,2420.1345992852303,1729383866
account_4,account_2,NAD,ARS,1843.4786422027441,1728693088
account_2,account_6,CAD,FJD,1030.5895518298264,1728779927
account_1,account_4,MOP,GGP,517.159933145496,1727919163
account_8,account_6,ILS,NGN,116.04257140021937,1729036363
account_5,account_6,JMD,LYD,2481.1381583275083,1729206138
account_10,account_7,VND,PGK,178.7296831899089,1728779485
account_3,account_7,DKK,UZS,2394.1469210317982,1729294326
account_1,account_5,TRY,XOF,2472.775274119835,1729036853
account_2,account_8,XAF,RWF,335.90212967560797,1728000283
account_1,account_7,NOK,CUP,821.4605070165022,1728345194
account_8,account_5,SCR,TOP,1392.4057684464544,1728257244
account_2,account_3,NZD,IQD,1737.3548309884404,1729206244
account_4,account_9,XAU,BHD,34.25473780723392,1729300894
account_3,account_1,AWG,MWK,2419.6658224281346,1728602106
account_1,account_2,PYG,UZS,3072.302533968338,1728173008
account_7,account_5,BTN,LBP,3053.939882778907,1728178356
account_2,account_6,INR,CHF,2537.619053396046,1729297330
account_1,account_6,NZD,MXN,1021.4827765734473,1727832441
account_1,account_2,LYD,BWP,2662.98837981228,1728774100
account_1,account_6,CRC,DJF,1925.8316180988402,1727996728
account_8,account_3,MKD,PAB,1934.1379130419575,1729213637
account_8,account_2,KWD,HTG,2598.364552197367,1729292425
account_9,account_2,HRK,RWF,2624.6241089739515,1728694562
account_4,account_5,BND,JOD,2368.489798179352,1729210805
account_1,account_8,PKR,IMP,1133.2490527236462,1727911360
account_7,account_8,DOP,AWG,2569.967060984706,1728689668
account_7,account_8,EUR,MMK,1590.5988546240264,1729207598
account_7,account_8,JOD,TND,2086.5547552399735,1728172417
account_5,account_1,TTD,HKD,2540.2986559387955,1728088977
account_3,account_1,ETB,BRL,2794.656133044734,1728517979
account_8,account_6,MOP,HUF,2158.308323826139,1728519624
account_9,account_5,KGS,MGA,3229.4451397216053,1728429087
account_3,account_8,NIO,ILS,1109.9722049165152,1728261294
account_10,account_7,BTC,EGP,0.9180892125122273,1728695141
account_3,account_2,CUP,SOS,2710.5435833831457,1728861265
account_5,account_7,VES,VND,986.0290839270077,1728085506
account_4,account_6,NIO,ILS,990.7444930169553,1728861580
account_4,account_9,TMT,DKK,1967.1553356145268,1728343607
account_3,account_6,XDR,JEP,2307.072116985987,1728517899
account_5,account_8,AFN,ZAR,467.20588060760224,1728606446
account_5,account_10,IRR,TTD,3313.4416541254736,1728690315
account_3,account_9,KMF,STD,3142.1935738602883,1728002019
account_3,account_4,BSD,NGN,3305.1109538054056,1728690746
account_9,account_3,UAH,PHP,1449.435432685583,1729300161
account_9,account_2,PAB,STD,2540.810113339607,1728604415
account_10,account_9,BZD,CRC,794.9182986094127,1728952244
account_7,account_3,BND,SOS,2719.805584178839,1729384172
account_4,account_2,ARS,CVE,644.9859358411477,1728260374
account_6,account_10,RUB,ZWL,2009.1672941930308,1729043083
account_9,account_3,TMT,TND,1449.7292431006942,1728520412
account_4,account_1,MAD,IQD,1942.0116627838515,1728869859
account_10,account_2,NIO,GEL,2278.866394499845,1727914155
account_9,account_3,FJD,CAD,893.6438382001049,1728342439
account_2,account_5,WST,USD,1280.723589689033,1729384508
account_9,account_1,VES,CLP,2300.615110364269,1728954788
account_2,account_5,MDL,ETB,1316.7392733577694,1728695418
account_3,account_4,BIF,IDR,526.1773091361869,1728520164
account_4,account_3,LKR,GTQ,1590.5421527086469,1728955913
account_3,account_5,FJD,JOD,487.6361797401848,1728862375
account_2,account_5,FKP,LRD,2425.7804164234394,1729383379
account_9,account_7,TOP,JPY,1426.2021640715557,1729126241
account_2,account_8,ISK,INR,1215.7322986849601,1728953190
account_5,account_9,GEL,BGN,2456.4694838082655,1729038468
account_3,account_5,SRD,PLN,1222.7382896462157,1727825288
account_1,account_4,NPR,SAR,303.0340198389343,1729207847
account_2,account_5,VND,BDT,83.4151133791312,1728515460
account_10,account_4,CRC,XCD,412.1866190949909,1729038264
account_9,account_5,JEP,GYD,2059.416768177665,1728171627
account_10,account_2,JPY,MOP,757.762683049018,1727830812
account_2,account_10,MNT,GMD,1287.7595333720794,1728176223
account_3,account_1,CZK,BHD,561.5632620568675,1729384400
account_9,account_5,KPW,BDT,2896.911256116455,1728170366
account_10,account_9,COP,LYD,2241.623437498061,1728949397
account_8,account_10,FKP,ZMW,294.1227615720149,1727833564
account_1,account_6,BWP,SOS,907.1679132492059,1727826301
account_5,account_7,KGS,BZD,2681.1950325341513,1728004193
account_6,account_7,MRU,CLF,3146.7786615487594,1729292866
account_1,account_2,HKD,NOK,60.02955345553104,1727913020
account_4,account_8,MUR,PAB,387.60554971976416,1728692466
account_6,account_10,YER,ARS,2895.3758076308186,1728776686
account_7,account_1,XAU,MNT,33.298249351578534,1727824619
account_5,account_8,TMT,PAB,1587.9004350339897,1728609838
account_6,account_5,SLL,AOA,1140.7121866072432,1729041414
account_9,account_10,RWF,OMR,1460.71305320702,1728608471
account_5,account_10,TWD,WST,1294.1328272292244,1728170943
account_9,account_4,MYR,STN,368.48497907570516,1727830881
account_5,account_10,AUD,MKD,794.1416396942428,1729042218
account_8,account_10,XDR,OMR,1649.0488753881616,1728171080
account_5,account_8,BND,THB,3246.157993615974,1727831674
account_5,account_4,IMP,BYN,2125.71497471225,1728780382
account_3,account_10,AZN,STN,1003.8875483104172,1727910009
account_9,account_5,AFN,PYG,1926.2048611814694,1728949126
account_8,account_10,MWK,RSD,1922.3760249731545,1729036470
account_7,account_5,SCR,XPT,3133.661649440698,1727827081
account_1,account_2,PHP,KWD,2059.619506611714,1728518021
account_2,account_3,CUC,CAD,2009.2834428714225,1728175857
account_3,account_6,INR,NOK,1650.394587028634,1728690221
account_9,account_6,BHD,SYP,2176.241066842148,1728004890
account_10,account_7,CUC,GGP,658.1128613384319,1728953548
account_3,account_7,SAR,OMR,2241.398047763603,1728523298
account_6,account_8,IMP,CAD,270.6228746796172,1729033985
account_4,account_1,TJS,ALL,800.540544204259,1728865191
account_3,account_8,FKP,HTG,459.8117716743855,1728950504
account_9,account_7,TRY,TWD,1835.261650219892,1727827963
account_10,account_7,EGP,HNL,394.12207999041647,1728171486
account_6,account_5,THB,GIP,1100.771272604031,1728259283
account_8,account_5,MRU,HRK,2367.8757650232737,1728170535
account_9,account_7,BHD,FJD,2528.4905603959774,1729295726
account_7,account_8,EUR,KPW,2192.8027340164504,1727824550
account_5,account_4,GBP,BRL,897.9904372591222,1728606599
account_2,account_9,XAG,MMK,723.5065852044969,1728693576
account_3,account_7,LBP,XDR,2626.3871611616146,1728603044
account_3,account_1,SAR,HTG,971.7304848689428,1729295868
account_6,account_8,MWK,MDL,1085.0945005671822,1727828730
account_5,account_1,SGD,BDT,1712.2297165135467,1728774243
account_1,account_9,CAD,INR,511.4804043403857,1729385998
account_4,account_10,HKD,EUR,1349.714046615227,1728084230
account_1,account_2,NIO,WST,1917.2617117498555,1728172282
account_6,account_7,ERN,RUB,968.3370988994783,1728520099
account_8,account_5,MXN,TWD,2507.5656758862892,1729388578
account_3,account_10,DZD,RWF,1712.4712159115484,1728262716
account_3,account_5,ERN,ARS,3125.463688679061,1728347611
account_6,account_10,GTQ,RUB,3155.4717169990654,1729382154
account_5,account_7,MMK,JEP,2404.4163257913374,1728436713
account_7,account_6,AOA,GNF,3077.880404738912,1727833232
account_5,account_1,EGP,XAF,2983.6287331250414,1729294551
account_4,account_5,TWD,MXN,1076.922512682259,1728606011
account_4,account_7,UZS,XAF,859.5458770685044,1728692370
account_10,account_4,XAF,XPF,3340.1859131637016,1729039443
account_4,account_8,BBD,GYD,2940.7519556399398,1728002959
account_7,account_2,MKD,MRU,2898.88135803121,1729296914
account_8,account_1,CAD,SGD,1580.1735932961376,1729212944
account_9,account_1,TMT,GMD,2310.0341048599553,1728610497
account_9,account_2,PHP,RWF,1494.7904375837697,1729122043
account_1,account_7,TMT,SZL,45.49496019730467,1728169848
account_2,account_5,XPT,TMT,82.9781168409665,1729038834
account_9,account_6,USD,NPR,1408.4061806116033,1728088576
account_8,account_7,INR,XDR,737.2282024635613,1728259563
account_5,account_7,MGA,GEL,1555.2925648231703,1729119893
account_4,account_6,HTG,NPR,2107.4047169141995,1729036555
account_4,account_1,KZT,BOB,2102.718314616802,1728000131
account_9,account_4,CDF,MVR,788.6449714215665,1727997220
account_3,account_7,GMD,YER,372.1404267355412,1728088184
account_5,account_3,VES,XOF,1693.3547386042676,1728951511
account_1,account_9,MRU,TMT,2852.8016628792325,1727915091
account_2,account_10,EUR,YER,235.19133052996352,1728947512
account_9,account_1,GHS,PHP,2807.5121580022997,1729126911
account_5,account_8,RWF,PEN,163.55534486632348,1729206543
account_3,account_8,ZMW,ANG,2840.7251015335305,1727827599
account_2,account_7,UYU,LBP,2610.889520629023,1728346972
account_7,account_2,TRY,SGD,1409.18784639188,1728089133
account_5,account_1,CLP,DJF,1890.0556395668825,1728862447
account_3,account_4,CRC,HNL,1697.716586130135,1728950514
account_3,account_4,TWD,GEL,848.3521048754947,1728003181
account_3,account_1,KHR,XDR,709.0962356077812,1729384304
account_5,account_8,YER,HTG,1100.456759602321,1728174473
account_2,account_10,BSD,KHR,1474.3652236000553,1727828578
account_3,account_8,SOS,BAM,689.7219554463322,1728258954
account_5,account_2,ANG,KWD,1751.644762395639,1728005650
account_2,account_4,SOS,STN,288.3452987442364,1728603548
account_7,account_10,IRR,XAG,1399.6061129486548,1727826770
account_10,account_1,SSP,IQD,1586.449377524445,1728263835
account_1,account_4,BRL,KES,1523.7022061919256,1728351710
account_3,account_7,MKD,LKR,1839.0963516870913,1728257821
account_1,account_2,UZS,BWP,1899.3087261189864,1729041323
account_1,account_10,FJD,LRD,1186.0618536883774,1728689789
account_4,account_9,ILS,WST,2475.704567623803,1728696905
account_9,account_8,KGS,PGK,14.239297465807649,1729039527
account_10,account_2,ZMW,GNF,2199.8733965239953,1728264957
account_2,account_7,PKR,RSD,2869.109895086103,1728090685
account_10,account_1,BTC,CVE,1.475834610818262,1728170155
account_5,account_2,CHF,RSD,106.96917953234555,1728003194
account_4,account_5,BWP,MRU,33.72711284263455,1728860499
account_8,account_9,AOA,ARS,96.55260718897894,1729386697
account_7,account_3,NPR,ANG,1319.8961808839151,1729042003
account_2,account_3,GGP,TWD,2634.9172752672303,1728608798
account_5,account_8,PAB,XDR,2269.7895783346908,1728952598
account_2,account_4,KRW,KZT,2830.909387996188,1728782263
account_3,account_10,EGP,SDG,321.0844402132867,1729213488
account_2,account_4,KMF,NOK,1643.5578703967608,1728517357
account_2,account_4,TJS,IMP,1466.005017527842,1727832421
account_8,account_2,ERN,PEN,2237.749546020013,1728001374
account_3,account_9,KMF,WST,2046.5850463854094,1729039289
account_7,account_8,MYR,AED,3118.452866957712,1729123815
account_9,account_1,WST,AOA,1622.2281424764979,1727910063
account_8,account_2,MNT,MWK,1900.657173498189,1728523908
account_10,account_6,AMD,EGP,3197.3505894938708,1728171492
account_6,account_1,CUC,BMD,413.8734294803176,1729124960
account_7,account_2,XAF,SRD,1163.5855993349965,1728692457
account_3,account_9,PAB,TRY,2200.078093738817,1728088669
account_8,account_9,SAR,LSL,440.43180699803054,1727917168
account_3,account_6,DZD,PKR,1734.6413218089688,1729386595
account_4,account_6,AZN,JEP,1736.3560374921594,1728438145
account_1,account_3,FKP,XPD,1806.757202560011,1728000944
account_6,account_3,UGX,BRL,1830.2248870478736,1727831427
account_3,account_1,BDT,HTG,899.4127809069474,1727913863
account_5,account_7,GIP,LYD,3332.5411748895626,1728608891
account_9,account_8,TTD,MKD,1103.9516121883016,1728603420
account_10,account_1,MDL,SVC,556.8045393033134,1729381417
account_8,account_7,DKK,AMD,2866.9256572033187,1728519538
account_6,account_10,AWG,KZT,1935.0309820116777,1728264156
account_6,account_10,AZN,CZK,32.67843108030215,1728258940
account_6,account_10,VES,HRK,2732.679574641745,1728948211
account_5,account_9,CZK,BAM,2346.54020936423,1729385024
account_6,account_5,XAU,IMP,33.5881907068804,1729042542
account_8,account_4,NPR,ERN,3057.6883740499743,1728953884
account_9,account_4,LRD,PYG,2032.7347542609198,1728258537
account_8,account_1,DZD,LYD,920.8687719601655,1728003886
account_9,account_2,GHS,MZN,3127.4256108322356,1728516463
account_4,account_6,MKD,AMD,313.6974043644599,1728868263
account_10,account_3,FKP,KPW,814.7767206071277,1729380317
account_8,account_6,SLL,GIP,269.25833843025094,1728779591
account_4,account_5,GBP,BSD,2700.3580332383167,1729126251
account_3,account_8,KES,MXN,2149.2270040315057,1729042231
account_5,account_4,CZK,BBD,127.90375948186029,1728689063
account_10,account_6,TWD,VUV,1628.5054155589198,1728256078
account_2,account_3,BND,UYU,1584.67403761889,1728953971
account_5,account_8,CVE,UAH,1834.588598342714,1727919481
account_10,account_3,UZS,MZN,2644.775399176951,1729128886
account_5,account_9,FJD,DOP,681.7420299380487,1729384675
account_2,account_5,AED,AOA,2268.123421639255,1729383773
account_5,account_6,CUP,IDR,122.62061973948387,1727913198
account_6,account_5,DKK,MXN,2470.2716227982687,1729041707
account_3,account_6,NAD,BND,1397.2345904953831,1729039761
account_5,account_6,BYN,ISK,3148.737614416163,1728866942
account_1,account_4,NZD,HTG,2851.6024322866433,1728518131
account_10,account_8,PYG,CZK,2649.1362874464508,1728344822
account_6,account_10,IRR,HKD,3156.3448074165913,1729215048
account_5,account_7,MRU,DJF,94.87146924484506,1729213147
account_8,account_4,MKD,BTC,2750.2438212459333,1728690512
account_5,account_7,HTG,ILS,1927.7140468373907,1729215113
account_6,account_9,BWP,SVC,1818.677890770234,1728436517
account_5,account_10,INR,IRR,948.6022061487295,1729128547
account_9,account_4,DJF,ISK,2396.453161824909,1729035129
account_3,account_4,HKD,CNH,462.5788799759005,1728603317
account_7,account_6,TOP,CDF,1406.6532267844452,1728177957
account_3,account_2,TTD,GEL,3117.1745434636764,1728868292
account_1,account_2,STD,PKR,1075.3872085865635,1727998280
account_10,account_2,QAR,BHD,2592.4800013939303,1728869674
account_1,account_10,UZS,PAB,1446.8421996587601,1728776014
account_4,account_10,RUB,MDL,1757.0942441796465,1728437328
account_2,account_5,NZD,GEL,2715.968772791834,1728950098
account_4,account_1,SYP,AED,2933.5595681320606,1729212950
account_1,account_10,MRU,AMD,2231.481235168881,1729379947
account_5,account_7,SEK,MAD,1970.6279636638872,1729383012
account_10,account_4,TZS,KMF,2861.768026207414,1728261258
account_5,account_3,GGP,EGP,2296.1937268870515,1729385181
account_2,account_5,STN,RUB,2743.4406248395026,1728950956
account_6,account_7,MWK,MMK,709.1349308397422,1728178362
account_9,account_10,ANG,BYN,1970.4340580669916,1729296988
account_7,account_8,NAD,IRR,776.995377744455,1727829984
account_6,account_5,AZN,HNL,2917.384557493426,1728259861
account_2,account_7,BDT,VND,591.2594199844483,1728865252
account_6,account_10,CHF,GIP,636.6041616264015,1729040473
account_9,account_3,GBP,MXN,2709.4153767813373,1728778265
account_4,account_3,PHP,VES,2472.9616728715246,1728348547
account_7,account_3,GGP,MVR,90.18617981272085,1728605358
account_9,account_4,BWP,ISK,1117.4094964493418,1728523575
account_6,account_8,GGP,GEL,1511.8673683244328,1729127731
account_10,account_8,ARS,SOS,1244.1028792881245,1729384027
account_2,account_10,QAR,HTG,351.13487791398063,1728003465
account_4,account_8,MNT,FJD,853.2406765935006,1729040776
account_9,account_4,DZD,NZD,1934.341520798259,1729125732
account_2,account_10,STN,SCR,276.3005369547608,1728087133
account_8,account_7,HNL,HRK,3286.9839621557753,1728865620
account_2,account_7,XAG,XAU,449.15062454043596,1728437962
account_10,account_1,CHF,CAD,1252.8526782201548,1729124784
account_9,account_3,BMD,BTC,2877.724534380956,1728092210
account_7,account_8,LBP,RWF,3074.5065547637428,1727998025
account_4,account_10,CVE,ALL,1455.45580412394,1729299294
account_7,account_2,RUB,ALL,107.36007253662115,1727830290
account_9,account_4,PAB,KZT,1684.053181075712,1728003965
account_10,account_5,NPR,PKR,1959.6595318157695,1729297620
account_1,account_2,TRY,SSP,1633.651732242706,1728178535
account_8,account_4,XCD,GYD,2171.715198481187,1728947681
account_6,account_5,MVR,BBD,898.923168314031,1728436237
account_8,account_4,NAD,LBP,141.55801074053466,1728435575
account_9,account_2,AFN,RON,1255.3695433091586,1728088197
account_8,account_5,TWD,TOP,134.84450667334173,1727917634
account_7,account_10,BWP,GNF,718.3280941880655,1729215025
account_6,account_9,RON,SHP,3257.6033470940174,1728083315
account_1,account_10,MZN,TWD,2084.9815943561375,1728696859
account_10,account_8,AWG,BAM,3079.587553112144,1728003543
account_2,account_7,SZL,FKP,1370.8110741807698,1728608363
account_2,account_9,GEL,TJS,2478.3448672462164,1729379483
account_7,account_4,TND,BTC,3268.2399366517434,1729034784
account_2,account_4,PAB,BYN,1763.4057372777543,1729210561
account_8,account_4,UYU,AED,2615.2586818444906,1729120256
account_1,account_3,XAU,KZT,32.07870480163569,1728691550
account_3,account_2,KWD,SCR,2607.4707529767666,1729040094
account_2,account_7,XDR,HUF,2613.8128794874697,1728953932
account_9,account_7,SLL,SEK,2016.8026169138827,1728864694
account_3,account_10,TZS,MMK,2988.968706302525,1728090623
account_7,account_2,MUR,PLN,3150.3229572630707,1728350618
account_9,account_2,NGN,ISK,1911.144520754024,1728688187
account_8,account_9,IQD,MMK,1400.4253200783355,1727996542
account_1,account_4,NIO,MNT,373.1029214079927,1727831414
account_6,account_4,FJD,SZL,1030.7093450873044,1728262024
account_5,account_6,LBP,XAF,3151.6915538154876,1728430316
account_6,account_10,SAR,MZN,2002.239017087696,1729211869
account_1,account_7,SVC,RWF,2344.9897974067535,1729296339
account_6,account_9,DJF,PGK,769.7110454519083,1729298610
account_1,account_2,BHD,SBD,3105.8702951488867,1728344937
account_7,account_3,QAR,NGN,3278.296827482327,1727917917
account_5,account_7,USD,ISK,3134.851479674291,1729206137
account_5,account_1,CUP,CLP,1417.4733214898413,1729033417
account_7,account_4,GYD,SAR,1592.6290014992967,1728519550
account_3,account_6,CAD,BOB,829.4288112083608,1728949544
account_6,account_3,CDF,MOP,1092.188738326106,1729042484
account_7,account_2,COP,AMD,192.14868066753098,1728602989
account_5,account_2,ILS,TJS,1815.220424183453,1729379087
account_6,account_10,KYD,BYN,2337.4364427794717,1729123878
account_2,account_6,SLL,KYD,1664.4145166559554,1729128544
account_6,account_8,BDT,SZL,2370.0733607761795,1727910884
account_7,account_4,SVC,NOK,1928.3455643158102,1727830263
account_3,account_10,IQD,CNH,1527.3942938655157,1728000771
account_5,account_2,KPW,NZD,744.9599596391068,1728178633
account_8,account_6,ZAR,UYU,2142.416193177961,1729213630
account_2,account_8,DJF,PGK,2033.392246541372,1728173865
account_6,account_2,EGP,XOF,295.1434778575914,1729128837
account_3,account_6,IRR,MDL,1090.8345493163472,1727912926
account_5,account_4,IDR,KZT,633.3911027236716,1727918709
account_7,account_3,MKD,MAD,2486.6045558265214,1728258634
account_10,account_7,SOS,MRU,211.49381229575775,1728952471
account_8,account_5,UGX,BTC,2467.103907356864,1728696136
account_3,account_4,HRK,BTN,1900.6311557485958,1727827015
account_1,account_4,KWD,SLL,3262.841749037322,1727910357
account_10,account_1,BND,UYU,2902.723772900906,1729382519
account_10,account_2,JOD,XOF,1500.1298792878365,1729378833
account_1,account_2,GYD,SYP,1983.1153044080766,1728950777
account_3,account_10,ERN,CNY,2058.548071087414,1728437173
account_4,account_2,TTD,GBP,761.5555027065078,1728867769
account_7,account_5,RSD,CNH,2951.5639758543634,1729036561
account_8,account_4,AZN,KYD,1066.540153395151,1729384213
account_9,account_3,DKK,NPR,590.4349958160797,1728084285
account_5,account_1,GMD,NIO,1194.0023722071505,1729212259
account_10,account_4,XDR,CUC,1667.7371427558903,1728175631
account_9,account_4,KGS,CDF,2790.693126809883,1728693381
account_7,account_4,RWF,SSP,1727.3828910921425,1728430290
account_10,account_5,LRD,NGN,3236.636015441677,1729036005
account_5,account_1,EGP,MAD,745.6543170213099,1727997623
account_4,account_2,RON,YER,12.556143197881697,1728952216
account_8,account_5,GIP,GNF,1374.8041349384764,1728521104
account_5,account_10,XOF,ALL,1795.836292352597,1728082958
account_1,account_2,CLF,STN,896.5250142039404,1728695958
account_3,account_5,OMR,BRL,1761.0985177845876,1728085520
account_8,account_1,IMP,FKP,1752.0547355902545,1729125381
account_9,account_1,KZT,GTQ,2924.390929802651,1729380833
account_6,account_5,ILS,GIP,2428.743722209214,1728351042
account_6,account_2,JMD,TND,19.106893644761215,1728264421
account_10,account_4,MNT,SSP,1190.8982426291702,1729207946
account_4,account_5,OMR,FKP,2194.987578650275,1727917263
account_2,account_9,ISK,STD,2403.1904475503306,1728261728
account_2,account_1,GHS,XAG,1179.4474612049785,1728086162
account_3,account_10,AZN,BDT,2437.5542187288725,1728259243
account_8,account_2,FJD,ILS,2746.156659385224,1729214956
account_8,account_7,CDF,UGX,1902.7008092667393,1728174632
account_5,account_8,PYG,GYD,2239.6182470441054,1728001714
account_6,account_1,ILS,NGN,466.91528215454065,1728951086
account_8,account_3,MOP,KGS,2282.637280514978,1728438140
account_4,account_9,BRL,TTD,1293.2070689954814,1728867423
account_5,account_9,UZS,IRR,522.8975677873881,1729119984
account_8,account_4,PLN,ALL,817.5685573736056,1728437340
account_4,account_9,ALL,JPY,3117.243505923791,1727827265
account_5,account_2,BIF,PHP,366.7294281249516,1729215895
account_4,account_7,CLF,TOP,27.804734394541736,1727825979
account_1,account_6,BIF,AOA,2359.9631496948255,1728695589
account_5,account_2,COP,CRC,1375.802026416729,1729296993
account_3,account_8,SRD,AFN,2049.8677991295203,1728178535
account_7,account_2,ANG,BRL,1266.9285392064878,1728867907
account_8,account_1,LKR,MDL,1685.8568934476689,1728435029
account_4,account_5,SEK,NIO,2872.14992444606,1728774009
account_8,account_3,HTG,JMD,651.7559369820472,1729123560
account_8,account_10,TTD,NIO,876.4638178088042,1728265496
account_1,account_6,GGP,BBD,3.919093555021236,1728954049
account_3,account_10,KMF,AWG,2206.314430491905,1729034992
account_9,account_5,WST,SSP,293.68418752111666,1729209720
account_10,account_2,ISK,KGS,347.8700149606272,1729298722
account_5,account_2,BRL,ALL,2955.413282045816,1728694811
account_6,account_5,IRR,BOB,628.9001544213933,1728001666
account_6,account_4,MWK,SLL,1774.6132902864388,1728610590
account_9,account_7,CNH,OMR,1462.2990910426015,1728517400
account_5,account_4,CNY,NZD,1546.4584325852688,1729215166
account_8,account_9,PHP,TRY,2175.630959072863,1728088868
account_9,account_7,YER,AFN,1011.2159497779373,1728867836
account_6,account_4,CVE,CLP,1111.704289328362,1728865120
account_8,account_6,AFN,NPR,1364.50172466447,1729127069
account_4,account_8,SDG,LRD,1360.143909486355,1728003618
account_8,account_1,KMF,GNF,128.29682012693186,1728428697
account_5,account_2,SHP,SRD,1725.4085419108217,1728432529
account_1,account_8,CAD,HUF,803.2054868657109,1728434663
account_4,account_9,MGA,HRK,2059.348472651526,1729119718
account_6,account_2,SBD,ALL,3335.1407192638703,1728780786
account_10,account_9,RON,AFN,1687.1805289074593,1728693126
account_2,account_1,MMK,MOP,1347.9378063626348,1729214375
account_7,account_8,CDF,XCD,1101.48862657301,1728437051
account_9,account_6,ALL,ETB,570.4825371340693,1728085435
account_1,account_4,BND,AZN,3224.338417652,1727999214
account_6,account_10,SYP,JMD,1190.2813843445442,1728438201
account_4,account_6,HRK,ALL,1456.3954892512945,1728689260
account_6,account_4,BTN,CHF,2650.683138529698,1728171930
account_10,account_2,VES,XCD,660.6226888557504,1729041501
account_8,account_2,VUV,BZD,2639.008058483788,1729387692
account_8,account_2,ERN,THB,349.3501645355121,1728172221
account_5,account_10,SSP,NPR,1567.3224158399548,1727916065
account_6,account_3,SBD,KRW,2267.636574938439,1729043162
account_4,account_7,GNF,AUD,2003.2389157163427,1729034632
account_3,account_8,KZT,BOB,1072.637183762207,1728695935
account_9,account_7,NPR,STD,547.3448937056605,1728263501
account_2,account_10,KZT,JEP,2080.5400258117184,1727996466
account_5,account_2,STN,LYD,1980.3288377953459,1728608124
account_10,account_8,XOF,CUP,3153.5860728244943,1728774364
account_1,account_7,JMD,PKR,2391.17890634495,1728092292
account_3,account_10,GTQ,KZT,1900.4504986637019,1728608582
account_2,account_7,BYN,ISK,563.1245249909226,1727828761
account_9,account_7,UYU,KHR,2296.6390343260377,1728256411
account_4,account_1,MWK,LBP,1930.2852548156213,1727914781
account_2,account_7,PLN,GTQ,857.6278745736438,1728782838
account_2,account_4,KPW,CNY,654.2650680661117,1728952884
account_8,account_3,PHP,YER,585.9665327276103,1729033286
account_1,account_4,MWK,JEP,2219.8694350813594,1728948623
account_9,account_2,JPY,RUB,2324.6186292108946,1728170278
account_9,account_1,IRR,RON,367.2557610318517,1728175851
account_6,account_10,TRY,BTC,552.4037356397057,1728256081
account_9,account_8,NOK,ALL,469.2165043222023,1729302198
account_3,account_9,IRR,CNY,3207.311253258323,1729042253
account_4,account_9,CVE,SEK,2098.7936751755356,1728782054
account_4,account_6,PEN,ZWL,2709.621043388956,1727999429
account_3,account_9,TRY,VES,706.3198414904172,1728086329
account_3,account_4,KGS,NGN,942.5504131315128,1728173849
account_7,account_9,TJS,NPR,669.0058837667563,1728949244
account_9,account_8,SLL,LSL,314.47323923379673,1728604662
account_7,account_8,NOK,HUF,1097.505428284437,1728602937
account_3,account_9,RON,MNT,1920.825568490846,1728086621
account_9,account_2,KES,SAR,975.0419861542214,1728088656
account_9,account_4,MGA,MMK,1012.6627044299895,1727918074
account_8,account_5,IQD,BWP,2912.437438330458,1728691502
account_10,account_9,MOP,AWG,1788.5219782124746,1728434343
account_4,account_2,MGA,TOP,1181.8643885118745,1728004779
account_3,account_6,GMD,RSD,31.664207704039637,1728429438
account_6,account_2,CNH,AUD,3163.0487755187614,1729037473
account_4,account_5,XAU,XDR,21.13625974320525,1727915963
account_6,account_8,RSD,ZMW,923.2121470080742,1728689357
account_7,account_8,MWK,MOP,3002.5340716023807,1728176480
account_3,account_4,UAH,ZWL,912.4648173974298,1729300310
account_9,account_1,RSD,OMR,2690.2953109369864,1728350138
account_6,account_3,EUR,RWF,2146.145373310578,1728257841
account_6,account_1,CUP,BGN,1611.6957058485011,1729040352
account_1,account_4,SDG,SVC,495.83625875903056,1728948529
account_9,account_4,SGD,CLF,256.51405755387646,1728005743
account_5,account_9,CVE,IRR,1942.1214684275865,1727830023
account_3,account_7,PLN,RUB,2124.251051813861,1728086135
account_8,account_9,AWG,BOB,29.134883692727886,1729126462
account_7,account_8,EGP,CDF,1056.1791736209002,1729123872
account_6,account_7,IQD,CAD,1080.8645443284,1728955193
account_9,account_3,XPF,XAG,1451.6803634001128,1728604271
account_2,account_4,JMD,DOP,2016.5434940795908,1729302252
account_1,account_4,PKR,MZN,2421.096048486216,1728430109
account_4,account_5,MYR,KGS,1853.5875860036929,1729037761
account_2,account_5,NAD,UZS,617.7131684043477,1728861382
account_7,account_9,DZD,BYN,1261.684543525426,1728948770
account_9,account_6,KES,UGX,961.8191158721172,1728951263
account_8,account_2,IQD,MKD,1209.906357524028,1729035509
account_6,account_1,PKR,CZK,1696.2875692384073,1728868886
account_5,account_10,AMD,KES,3238.540335200631,1728523778
account_9,account_1,NGN,PEN,768.8465351045478,1728086945
account_4,account_6,MWK,SDG,3205.158195034682,1728953193
account_10,account_9,KES,CNY,989.9078463100973,1729036440
account_3,account_1,CNY,CUP,2804.012815006304,1728000754
account_1,account_4,XPD,GGP,73.10578839759825,1728607973
account_3,account_1,IQD,XAF,1254.2526478424272,1728779330
account_8,account_3,LYD,XDR,2280.607883318855,1728349324
account_6,account_9,BSD,BTC,3248.32576040623,1729293198
account_8,account_1,TWD,NGN,730.4148864355863,1729129229
account_8,account_7,MVR,RSD,2063.436302020885,1729040297
account_10,account_7,TZS,CUC,199.4612750402481,1729297788
account_7,account_10,MWK,MMK,1908.3437073862985,1728179039
account_2,account_7,LKR,LYD,183.92809124235282,1729387710
account_10,account_9,CAD,BDT,1208.7133848834899,1728006040
account_4,account_1,COP,IQD,2881.655492831887,1728867643
account_10,account_2,XOF,KRW,417.9409836012239,1728002077
account_5,account_8,HKD,LBP,581.1525766229802,1729299591
account_9,account_8,ZMW,ISK,77.63008048472851,1728953220
account_9,account_6,TTD,NAD,1202.033803209016,1727919159
account_6,account_4,SCR,EGP,1642.1882427982773,1728954487
account_6,account_8,SRD,COP,1703.5445518534925,1728777646
account_7,account_2,MUR,MNT,548.7893515555423,1728090655
account_7,account_9,USD,AOA,2380.6622945600534,1728949385
account_10,account_1,UYU,SEK,2726.360452302981,1729128182
account_10,account_2,KWD,YER,2048.982583328724,1728864445
account_9,account_1,ARS,JOD,1742.1130424489454,1728524360
account_6,account_4,CNH,BTN,1851.1912961447247,1728776279
account_5,account_3,IQD,ALL,2438.479485139977,1728431811
account_3,account_5,CLF,PYG,2610.836736322391,1728695235
account_4,account_2,EGP,CRC,366.45561507144185,1729039930
account_3,account_8,BMD,KWD,2828.7778550675453,1728260738
account_6,account_2,TJS,PYG,1708.3086988354523,1728177917
account_3,account_1,LSL,JEP,2457.1703201564706,1729208847
account_3,account_6,FKP,OMR,2023.249785877855,1728350879
account_8,account_1,IMP,BBD,2638.396774763384,1728174072
account_5,account_4,MMK,UZS,2650.36701805828,1728264689
account_4,account_2,ERN,BSD,941.3639479690273,1728781058
account_3,account_5,IMP,GEL,2857.554528079282,1728777356
account_4,account_3,IMP,EUR,696.5938862300052,1728089480
account_1,account_5,SLL,ANG,1036.6077420162687,1728089923
account_9,account_8,TRY,JMD,873.9603009834158,1727912628
account_4,account_3,CNY,KRW,1553.5378580853494,1728086989
account_10,account_6,BYN,CLP,1493.5537583420357,1729293406
account_10,account_8,CLF,AMD,2856.078827820339,1727911363
account_9,account_6,USD,KWD,430.23911649072596,1728264422
account_3,account_8,KPW,VND,2417.6246578509636,1728783673
account_5,account_1,HRK,ZAR,2951.2231534432276,1728349709
account_3,account_4,KMF,HKD,1989.260221896704,1728172163
account_9,account_8,PAB,KHR,885.5694506392166,1728260794
account_3,account_4,IDR,TTD,2918.175467892067,1729208284
account_9,account_8,SRD,CLP,2917.3799749262034,1728342237
account_8,account_7,KES,KGS,2096.5267540707428,1728602545
account_2,account_4,PAB,KRW,980.7013058287828,1728953385
account_6,account_2,VUV,MXN,1560.0783964942214,1728175140
account_6,account_9,PEN,NAD,1620.6411778877368,1729386092
account_8,account_2,IDR,ANG,2161.3139254357743,1728085737
account_1,account_3,PKR,CLP,3018.4342458525102,1728866541
account_9,account_7,WST,ANG,1868.1930268317446,1728086410
account_8,account_9,BHD,DOP,2980.738246786272,1728946945
account_3,account_4,XAG,KES,2104.8883681839156,1727998332
account_3,account_5,ALL,KPW,1819.0906059536514,1728607306
account_10,account_9,BBD,GYD,2108.063036024397,1728085101
account_10,account_6,BDT,PEN,2763.6067983498597,1728775718
account_1,account_8,LYD,MXN,320.60102292910295,1728177194
account_4,account_2,ARS,PHP,2877.835791555984,1729128501
account_6,account_10,TJS,BBD,2190.7584154546653,1727825520
account_10,account_8,NAD,IQD,2948.776419692279,1729041159
account_10,account_9,HKD,XAF,1266.6651930591281,1729037124
account_2,account_3,VES,STD,1419.1908603471968,1729129428
account_7,account_5,GGP,BYN,1297.972508998181,1728865589
account_6,account_3,IRR,RWF,995.8385703695762,1728172541
account_8,account_10,SEK,MZN,3007.8157765356086,1728351803
account_3,account_1,IMP,XAG,1234.409509854042,1729039247
account_2,account_5,SRD,CRC,1847.6833202778885,1727833551
account_2,account_7,JMD,FKP,73.35841656365305,1727999749
account_8,account_1,LKR,ETB,1968.2283194087597,1729123969
account_10,account_8,DJF,HUF,235.6937433854659,1728522297
account_1,account_10,IMP,RUB,1115.0048933962446,1729382822
account_5,account_8,LSL,UAH,1875.1412573051157,1728865057
account_3,account_2,CUC,AMD,949.1064060544962,1728172105
account_9,account_1,GGP,CZK,2560.4507215939966,1728349497
account_5,account_4,BWP,NIO,1737.0022920964525,1728091568
account_5,account_1,VUV,DJF,550.3344006982725,1728430522
account_10,account_4,MUR,ANG,1669.3539128080486,1728175632
account_10,account_8,VES,ERN,489.9175168678881,1728864770
account_3,account_2,SBD,JEP,261.4604189898634,1727918858
account_9,account_5,LAK,BND,1041.0088834966116,1729037699
account_8,account_5,AZN,GIP,892.7852240399262,1728863934
account_5,account_7,CNH,IQD,2090.3387674337023,1728433591
account_1,account_7,UGX,AED,386.5620833180498,1729036732
account_5,account_3,MZN,ALL,2106.7198794476217,1727913981
account_3,account_7,QAR,SCR,1135.9958127803068,1729293621
account_4,account_1,DKK,XAF,1890.7534951834018,1728083347
account_10,account_5,MOP,BBD,2602.2138165463766,1729210109
account_7,account_9,XDR,ERN,3135.2907341647624,1729293862
account_6,account_1,COP,BYN,183.71282451738924,1729207464
account_7,account_2,FKP,LKR,2177.182211186142,1728083743
account_2,account_3,GNF,VUV,672.4067886803198,1728170495
account_10,account_1,CUC,AFN,1318.7779453636124,1728257009
account_1,account_3,KZT,SVC,2751.7032143819506,1728342378
account_7,account_2,KRW,DJF,1440.8567909286658,1728350784
account_1,account_3,GBP,KYD,2982.041838288311,1728779002
account_5,account_7,HNL,BYN,2924.786552577599,1729298053
account_7,account_4,XAU,KGS,33.130156337404806,1728264360
account_10,account_5,DKK,NOK,1748.457013850127,1729385939
account_10,account_7,NIO,KWD,2285.7494245497624,1729383614
account_9,account_1,KRW,AMD,307.24591775175116,1728691454
account_9,account_10,UAH,SDG,2609.8195623331826,1727918674
account_10,account_2,BBD,EUR,151.38713479650974,1727832454
account_9,account_4,HNL,BMD,3343.153408552006,1728434760
account_5,account_9,NOK,XPT,1628.943502584581,1729124738
account_1,account_5,TOP,TRY,2244.0405833708023,1728173041
account_10,account_9,DJF,GEL,1110.030174580908,1728517472
account_8,account_2,XCD,ANG,136.4104529270645,1728517921
account_10,account_2,XAF,MVR,92.15787825712712,1728259240
account_4,account_10,DJF,CDF,420.8222580434227,1728779614
account_2,account_7,CNH,BYN,1649.4201363642283,1728172860
account_1,account_3,AZN,NPR,621.3433268659555,1729384702
account_5,account_2,KZT,IQD,143.41869862387367,1728601985
account_8,account_5,GIP,BZD,491.51257797907874,1728775960
account_5,account_1,CLP,IMP,1841.4769328504444,1728172162
account_2,account_1,MOP,CZK,949.6207659682658,1728695855
account_10,account_5,XPD,VUV,50.168181960109415,1728346206
account_1,account_8,IDR,SGD,537.6443232373558,1728089408
account_5,account_7,XOF,NZD,721.8803509189586,1728605178
account_1,account_6,TJS,BTN,2456.772589573545,1729293133
account_4,account_3,TTD,BHD,2542.3064530703487,1729119629
account_4,account_6,MOP,ALL,642.7484808439882,1727831144
account_2,account_9,AED,AUD,1748.4443969989356,1728602501
account_2,account_6,STD,MMK,1638.7977701962811,1729385723
account_8,account_6,NZD,MNT,175.50812161168508,1728947011
account_4,account_3,STD,MDL,252.77853828070363,1729042690
account_5,account_10,TRY,JPY,2116.0439819646126,1729037025
account_7,account_10,GYD,UYU,639.405032427567,1728263662
account_10,account_4,MRU,CNH,1999.2280678854163,1728947199
account_2,account_4,GMD,PAB,1450.5309347873113,1728609452
account_4,account_5,XOF,BGN,1868.4664710066963,1728004171
account_10,account_5,SDG,GGP,463.48066477618386,1728517732
account_7,account_1,BWP,KMF,289.1114360157043,1728171405
account_3,account_7,KRW,KZT,1505.9122127761705,1727828998
account_9,account_3,BSD,RSD,2346.2457457317964,1728524576
account_9,account_5,NPR,EUR,3321.0375424854824,1728783352
account_4,account_3,EUR,XAF,903.3381427332606,1727824716
account_4,account_10,NIO,GMD,346.17893294197694,1728690049
account_1,account_9,TND,XAF,3036.5689336508226,1728777064
account_4,account_8,MOP,BTN,3161.852914775768,1728955203
account_8,account_1,VND,HRK,1168.94510535649,1727917603
account_8,account_6,NZD,SYP,2033.2271733797177,1728084569
account_10,account_4,SAR,PGK,1606.4557160301551,1729206470
account_1,account_3,LRD,SYP,65.34383576392534,1728783652
account_7,account_6,XOF,BRL,2805.699223309871,1728345677
account_10,account_3,KPW,VES,1728.9632026562988,1729293376
account_3,account_1,PEN,USD,3127.01150395177,1728865186
account_1,account_7,MXN,SLL,1527.9167445869152,1729388310
account_5,account_1,LAK,BWP,1259.1406502175628,1729207958
account_5,account_6,MGA,GTQ,163.69700697386992,1728861954
account_8,account_7,SVC,SRD,3260.579332100586,1727998477
account_8,account_7,COP,CDF,1178.9913820441686,1727999524
account_6,account_9,ETB,MGA,2238.5042940484987,1728776728
account_3,account_8,SDG,GHS,1593.411106761277,1729039055
account_9,account_10,GNF,UGX,1968.765884411374,1728864755
account_2,account_7,GIP,NOK,1076.275594145709,1728084199
account_3,account_8,AUD,ANG,414.31623450691393,1728951914
account_3,account_8,PHP,LSL,2641.3508062130654,1729126859
account_6,account_7,NPR,LAK,702.6560506630907,1729383112
account_4,account_6,PGK,MDL,62.61461111734925,1729297205
account_5,account_7,GGP,AMD,2939.7257925377594,1728515409
account_4,account_10,PEN,HKD,3050.552131936665,1728343234
account_1,account_7,DZD,UAH,1525.2445066785847,1728869509
account_4,account_9,SVC,IQD,2566.355046834468,1727910874
account_7,account_1,THB,GGP,2995.9359059399617,1729380099
account_4,account_9,MWK,AFN,3308.0068125437374,1728601331
account_8,account_10,SSP,TWD,3039.252990698547,1728863357
account_9,account_1,MWK,GHS,2290.523822659291,1728518970
account_2,account_1,USD,AED,917.6200894904722,1728950281
account_9,account_2,CNH,IRR,2214.1792580118235,1728431969
account_9,account_3,PHP,PYG,2376.2472190275494,1728778036
account_4,account_3,HRK,JEP,1831.5610186502688,1729034582
account_1,account_10,BWP,AFN,1493.492905077256,1727824884
account_4,account_9,AFN,QAR,1003.44419733123,1728173598
account_6,account_10,JMD,AFN,2833.6501810818377,1727913692
account_8,account_3,MRU,TZS,962.9763995361099,1728693197
account_9,account_4,KGS,BOB,2708.432778803545,1727830584
account_7,account_2,BDT,CHF,2570.2127196773404,1728087729
account_3,account_4,UAH,SCR,1721.5100097492978,1727914913
account_8,account_6,CLF,NAD,292.58620684313615,1729042339
account_6,account_8,MUR,DKK,2949.144189029979,1728694851
account_2,account_1,TOP,FJD,523.6401869571947,1729297468
account_3,account_4,MNT,PYG,177.11164140316362,1727825596
account_10,account_8,XAG,GBP,1627.696776641164,1728603894
account_2,account_7,XPD,KZT,50.69403845373592,1728524267
account_9,account_8,UAH,MUR,439.8623815230623,1729211881
account_1,account_5,STD,MMK,2405.2908662106224,1728259445
account_2,account_8,ZMW,LYD,364.15617669916446,1729380096
account_2,account_9,IQD,TWD,465.6833744560207,1728086538
account_2,account_7,KRW,GBP,1421.7147625263128,1728348111
account_1,account_7,XCD,IRR,2459.457116814635,1729121373
account_2,account_7,STD,SHP,424.72997869537267,1729207215
account_10,account_1,HKD,DZD,3103.36821953795,1728954490
account_1,account_6,XOF,IQD,1940.8143408172414,1728090073
account_4,account_9,XPF,AED,3236.6340448279616,1728172348
account_5,account_9,JPY,MXN,2967.114028506965,1728005138
account_2,account_3,LKR,VES,1931.7702686591367,1729299445
account_2,account_7,KYD,BZD,2993.5681839488875,1729299639
account_3,account_1,XPF,UGX,175.7263449488216,1727826096
account_3,account_5,INR,ANG,1542.2203786261077,1728175049
account_5,account_1,NIO,XAG,1608.685250700851,1728347429
account_10,account_2,AUD,XDR,593.8120620084965,1728779891
account_4,account_2,MDL,BTC,716.8188675540346,1728347228
account_8,account_3,XAG,NAD,1749.8790075711954,1728429486
account_2,account_9,STN,TND,702.8196095923767,1728005004
account_2,account_3,AFN,KES,1124.3345308215678,1728519835
account_6,account_10,BRL,IQD,348.05190654771013,1728090843
account_9,account_6,ANG,UZS,3138.0481429698425,1728521293
account_8,account_2,FKP,AUD,2695.071705408011,1728006323
account_9,account_2,CZK,STN,3109.7807380625727,1729126014
account_2,account_1,ZWL,CNH,2139.574351775904,1729124703
account_7,account_3,CLF,BOB,1299.3881851346803,1727916094
account_9,account_2,SEK,SDG,2444.3380353558537,1728779224
account_9,account_1,TMT,BOB,3220.2690080643465,1728956186
account_5,account_4,BRL,GTQ,70.33195386386149,1729040432
account_6,account_9,MUR,EGP,2347.072615955232,1729386252
account_7,account_2,HNL,RON,2413.5573595250726,1728955508
account_8,account_2,VUV,VND,1640.540844705442,1728777720
account_9,account_6,TZS,VUV,3033.4744172843552,1729298123
account_1,account_2,JEP,BOB,985.9758569387352,1728170108
account_3,account_9,ANG,KES,889.6372779332781,1727919996
account_9,account_6,SSP,NGN,1194.6212897929454,1728090865
account_10,account_8,GTQ,BOB,1610.1501311235613,1729210167
account_2,account_6,LSL,MYR,1654.0920071500655,1729129008
account_1,account_8,ZMW,TND,1261.709081075496,1728777801
account_7,account_3,CUP,SLL,3284.586275045193,1728690432
account_6,account_7,XPF,NAD,2073.464991167448,1727918406
account_8,account_6,PEN,XPT,1346.1888563977611,1729382600
account_7,account_10,BWP,GBP,1607.8188630466118,1727826307
account_7,account_10,LYD,NGN,235.65531356651584,1729387622
account_1,account_10,GEL,RWF,2648.918188226744,1729129540
account_10,account_4,LYD,SEK,3347.071080902013,1728085561
account_4,account_3,AED,ISK,1644.6035878886298,1728432121
account_5,account_3,LBP,MVR,858.1163830624351,1729206938
account_2,account_1,BWP,HKD,1916.8865203136043,1728177222
account_4,account_6,SZL,IQD,666.8587925724246,1728604292
account_3,account_1,NAD,CVE,1921.3817933083158,1728344129
account_10,account_6,KPW,INR,1493.5230045810958,1728177795
account_3,account_8,RON,YER,2928.843294177419,1728696110
account_3,account_10,MNT,LSL,1041.5274605127277,1728432046
account_4,account_7,TWD,KES,1543.4119889462875,1728256283
account_6,account_5,SLL,CLP,2276.855361209163,1728779925
account_7,account_8,GTQ,CNH,472.2585382297096,1728258616
account_6,account_7,BIF,LYD,1259.6804582135992,1728602357
account_4,account_3,BZD,CNH,2609.158095298273,1729384462
account_6,account_8,SVC,RON,3077.3234971512197,1728689728
account_5,account_3,RON,SBD,1972.97877227925,1728778601
account_1,account_8,IRR,VND,2957.969207072114,1728087018
account_8,account_4,PLN,NZD,1677.8004299137208,1728349073
account_7,account_6,SDG,CZK,2723.8777775359695,1728172487
account_6,account_10,CUP,IQD,1347.4082428461782,1729119751
account_9,account_7,LAK,RON,3065.9103838181086,1729034409
account_6,account_1,THB,PHP,2655.327623375646,1728090399
account_7,account_4,GIP,AZN,194.7432736130245,1727917116
account_5,account_7,QAR,BWP,981.6064779259557,1729128763
account_7,account_8,BHD,GHS,1600.1469813020176,1729213421
account_3,account_7,MRU,TTD,414.2386085691223,1729302385
account_4,account_6,NPR,AOA,254.35929152655464,1729210825
account_7,account_1,CUC,BTC,20.67881493897999,1729042654
account_7,account_3,SHP,UAH,987.7882736289725,1728518840
account_6,account_4,PLN,GNF,3077.476408908216,1728263665
account_8,account_5,UZS,ALL,3228.211314060947,1727917948
account_9,account_10,HTG,RWF,2120.581482443902,1729120045
account_10,account_9,DJF,GYD,1734.8761900695818,1727913936
account_7,account_1,AED,VES,2623.5743574928,1729036266
account_7,account_5,GEL,SEK,2914.344332628122,1729210177
account_2,account_4,XPT,MNT,62.23378849208984,1729383063
account_7,account_5,AMD,KRW,2416.737852502787,1727914614
account_3,account_5,ZMW,BAM,623.49999560401,1729294118
account_7,account_2,ILS,ALL,2022.6132329151062,1729210715
account_3,account_2,NOK,JMD,3097.6803428735875,1728518452
account_10,account_8,AOA,XDR,2252.484908668221,1728176001
account_8,account_10,HKD,MXN,948.5760820979092,1728690187
account_10,account_3,EGP,LYD,2500.9765425968735,1728433208
account_4,account_1,TZS,ZAR,1334.847703008246,1728607146
account_3,account_4,SZL,SVC,2803.1262010154433,1727913899
account_10,account_2,YER,EGP,2287.832162651557,1729128719
account_1,account_3,ERN,CZK,2951.7874572913943,1728520036
account_9,account_10,CNY,LRD,3237.238453861016,1729128078
